{
    "Version": "2012-10-17",
    "Statement": [
        {
            "Effect": "Allow",
            "Action": [
                "cloudformation:CreateStack",
                "cloudformation:UpdateStack",
                "cloudformation:DeleteStack",
                "cloudformation:DescribeStacks",
                "cloudformation:DescribeStackEvents",
                "cloudformation:DescribeStackResources",
                "cloudformation:GetTemplate"
            ],
            "Resource": [
                "arn:aws:cloudformation:us-east-1:196809699680:stack/hipaa-photo-collector-api-prod/*"
            ]
        },
        {
            "Effect": "Allow",
            "Action": [
                "lambda:CreateFunction",
                "lambda:UpdateFunctionCode",
                "lambda:UpdateFunctionConfiguration",
                "lambda:DeleteFunction",
                "lambda:GetFunction",
                "lambda:GetFunctionConfiguration",
                "lambda:InvokeFunction",
                "lambda:AddPermission",
                "lambda:RemovePermission",
                "lambda:GetPolicy",
                "lambda:CreateEventSourceMapping",
                "lambda:DeleteEventSourceMapping"
            ],
            "Resource": [
                "arn:aws:lambda:us-east-1:196809699680:function:hipaa-photo-collector-api-prod-*"
            ]
        },
        {
            "Effect": "Allow",
            "Action": [
                "apigateway:POST",
                "apigateway:PUT",
                "apigateway:GET",
                "apigateway:DELETE",
                "apigateway:PATCH"
            ],
            "Resource": [
                "arn:aws:apigateway:us-east-1::/restapis*",
                "arn:aws:apigateway:us-east-1::/apis*"
            ]
        },
        {
            "Effect": "Allow",
            "Action": [
                "iam:CreateRole",
                "iam:DeleteRole",
                "iam:GetRole",
                "iam:PassRole",
                "iam:PutRolePolicy",
                "iam:DeleteRolePolicy",
                "iam:AttachRolePolicy",
                "iam:DetachRolePolicy"
            ],
            "Resource": [
                "arn:aws:iam::196809699680:role/hipaa-photo-collector-api-prod-*"
            ]
        },
        {
            "Effect": "Allow",
            "Action": [
                "s3:CreateBucket",
                "s3:DeleteBucket",
                "s3:GetBucketLocation",
                "s3:ListBucket",
                "s3:GetObject",
                "s3:PutObject",
                "s3:DeleteObject"
            ],
            "Resource": [
                "arn:aws:s3:::dbota-hipaa-photos-prod",
                "arn:aws:s3:::dbota-hipaa-photos-prod/*"
            ]
        },
        {
            "Effect": "Allow",
            "Action": [
                "kms:Decrypt",
                "kms:Encrypt",
                "kms:ReEncrypt*",
                "kms:GenerateDataKey*",
                "kms:DescribeKey"
            ],
            "Resource": [
                "arn:aws:kms:us-east-1:196809699680:key/1bd0c1fc-fee9-404e-9277-2cf102c121d8"
            ]
        },
        {
            "Effect": "Allow",
            "Action": [
                "logs:CreateLogGroup",
                "logs:DeleteLogGroup",
                "logs:DescribeLogGroups",
                "logs:CreateLogStream",
                "logs:DeleteLogStream",
                "logs:PutLogEvents"
            ],
            "Resource": [
                "arn:aws:logs:us-east-1:196809699680:log-group:/aws/lambda/hipaa-photo-collector-api-prod-*"
            ]
        }
    ]
}